insert into usuario (username, senha, img_perfil, nome_perfil) values('admin','$2a$12$h227p1QzQEB2cIW/BrzZletfr20O0lNDBMYZM0K6z5faY6bJ17kpO','https://cloudfront-us-east-1.images.arcpublishing.com/estadao/IP73LLAR65PJBBPHQQL4NMBNGY.jpg','Admin Mottu');

insert into funcao (nome) values ('ADMIN');
insert into funcao (nome) values ('GERENTE');

insert into usuario_funcao_tab (id_usuario,id_funcao) values (1,1);

INSERT INTO ENDERECO (NUMERO, CEP, BAIRRO, CIDADE, ESTADO, COMPLEMENTO, LOGRADOURO) VALUES (101, '01001-000', 'Sé', 'São Paulo', 'SP', 'Edifício Central', 'Praça da Sé');
INSERT INTO ENDERECO (NUMERO, CEP, BAIRRO, CIDADE, ESTADO, COMPLEMENTO, LOGRADOURO) VALUES (789, '20040-030', 'Centro', 'Rio de Janeiro', 'RJ', NULL, 'Av. Rio Branco');
INSERT INTO ENDERECO (NUMERO, CEP, BAIRRO, CIDADE, ESTADO, COMPLEMENTO, LOGRADOURO) VALUES (321, '30130-005', 'Savassi', 'Belo Horizonte', 'MG', 'Loja 5', 'Rua Antônio de Albuquerque');
INSERT INTO ENDERECO (NUMERO, CEP, BAIRRO, CIDADE, ESTADO, COMPLEMENTO, LOGRADOURO) VALUES (654, '90010-150', 'Centro Histórico', 'Porto Alegre', 'RS', 'Conjunto 2B', 'Rua da Praia');
INSERT INTO ENDERECO (NUMERO, CEP, BAIRRO, CIDADE, ESTADO, COMPLEMENTO, LOGRADOURO) VALUES (987, '71000-000', 'Asa Sul', 'Brasília', 'DF', 'Bloco D', 'SQS 105');
INSERT INTO ENDERECO (NUMERO, CEP, BAIRRO, CIDADE, ESTADO, COMPLEMENTO, LOGRADOURO) VALUES (1234, '80020-300', 'Centro', 'Curitiba', 'PR', 'Sala 10', 'Rua XV de Novembro');
INSERT INTO ENDERECO (NUMERO, CEP, BAIRRO, CIDADE, ESTADO, COMPLEMENTO, LOGRADOURO) VALUES (567, '40020-000', 'Comércio', 'Salvador', 'BA', NULL, 'Av. Contorno');
INSERT INTO ENDERECO (NUMERO, CEP, BAIRRO, CIDADE, ESTADO, COMPLEMENTO, LOGRADOURO) VALUES (890, '60115-170', 'Meireles', 'Fortaleza', 'CE', 'Andar 3', 'Av. Beira Mar');
INSERT INTO ENDERECO (NUMERO, CEP, BAIRRO, CIDADE, ESTADO, COMPLEMENTO, LOGRADOURO) VALUES (112, '50010-240', 'Santo Antônio', 'Recife', 'PE', 'Sala 401', 'Rua do Sol');
INSERT INTO ENDERECO (NUMERO, CEP, BAIRRO, CIDADE, ESTADO, COMPLEMENTO, LOGRADOURO) VALUES (335, '13013-010', 'Centro', 'Campinas', 'SP', 'Fundos', 'Rua Treze de Maio');

INSERT INTO FILIAL (FK_ENDERECO, NOME) VALUES (1, 'Filial Sé');
INSERT INTO FILIAL (FK_ENDERECO, NOME) VALUES (2, 'Filial Centro RJ');
INSERT INTO FILIAL (FK_ENDERECO, NOME) VALUES (3, 'Filial Savassi');
INSERT INTO FILIAL (FK_ENDERECO, NOME) VALUES (4, 'Filial Porto Alegre');
INSERT INTO FILIAL (FK_ENDERECO, NOME) VALUES (5, 'Filial Brasília Sul');
INSERT INTO FILIAL (FK_ENDERECO, NOME) VALUES (6, 'Filial Curitiba Centro');
INSERT INTO FILIAL (FK_ENDERECO, NOME) VALUES (7, 'Filial Salvador Comércio');
INSERT INTO FILIAL (FK_ENDERECO, NOME) VALUES (8, 'Filial Fortaleza Beira Mar');
INSERT INTO FILIAL (FK_ENDERECO, NOME) VALUES (9, 'Filial Recife Antigo');
INSERT INTO FILIAL (FK_ENDERECO, NOME) VALUES (10, 'Filial Campinas Centro');

INSERT INTO FUNCIONARIO (FK_FILIAL, NOME) VALUES (1, 'Ana Souza');
INSERT INTO FUNCIONARIO (FK_FILIAL, NOME) VALUES (1, 'Bruno Costa');
INSERT INTO FUNCIONARIO (FK_FILIAL, NOME) VALUES (2, 'Carla Lima');
INSERT INTO FUNCIONARIO (FK_FILIAL, NOME) VALUES (3, 'Daniel Pereira');
INSERT INTO FUNCIONARIO (FK_FILIAL, NOME) VALUES (4, 'Eduarda Santos');
INSERT INTO FUNCIONARIO (FK_FILIAL, NOME) VALUES (5, 'Fernando Rodrigues');
INSERT INTO FUNCIONARIO (FK_FILIAL, NOME) VALUES (6, 'Gabriela Fernandes');
INSERT INTO FUNCIONARIO (FK_FILIAL, NOME) VALUES (7, 'Hugo Almeida');
INSERT INTO FUNCIONARIO (FK_FILIAL, NOME) VALUES (8, 'Isabela Gomes');
INSERT INTO FUNCIONARIO (FK_FILIAL, NOME) VALUES (9, 'Julio Martins');

INSERT INTO MOTO (ANO, FK_FILIAL, PLACA, MODELO, TIPO_COMBUSTIVEL) VALUES (2024, 1, 'GHI4J56', 'MOTTU_SPORT', 'Gasolina');
INSERT INTO MOTO (ANO, FK_FILIAL, PLACA, MODELO, TIPO_COMBUSTIVEL) VALUES (2023, 1, 'KLM7N89', 'MOTTU_POP', 'Eletrico');
INSERT INTO MOTO (ANO, FK_FILIAL, PLACA, MODELO, TIPO_COMBUSTIVEL) VALUES (2022, 2, 'OPQ1R23', 'MOTTU_E', 'Gasolina');
INSERT INTO MOTO (ANO, FK_FILIAL, PLACA, MODELO, TIPO_COMBUSTIVEL) VALUES (2024, 3, 'STU4V56', 'MOTTU_SPORT', 'Gasolina');
INSERT INTO MOTO (ANO, FK_FILIAL, PLACA, MODELO, TIPO_COMBUSTIVEL) VALUES (2023, 4, 'WXY7Z89', 'MOTTU_POP', 'Eletrico');
INSERT INTO MOTO (ANO, FK_FILIAL, PLACA, MODELO, TIPO_COMBUSTIVEL) VALUES (2021, 5, 'BCD1E23', 'MOTTU_E', 'Gasolina');
INSERT INTO MOTO (ANO, FK_FILIAL, PLACA, MODELO, TIPO_COMBUSTIVEL) VALUES (2024, 6, 'FGH4I56', 'MOTTU_SPORT', 'Gasolina');
INSERT INTO MOTO (ANO, FK_FILIAL, PLACA, MODELO, TIPO_COMBUSTIVEL) VALUES (2022, 7, 'JKL7M89', 'MOTTU_POP', 'Eletrico');
INSERT INTO MOTO (ANO, FK_FILIAL, PLACA, MODELO, TIPO_COMBUSTIVEL) VALUES (2023, 8, 'NÃO0P12', 'MOTTU_E', 'Gasolina');
INSERT INTO MOTO (ANO, FK_FILIAL, PLACA, MODELO, TIPO_COMBUSTIVEL) VALUES (2024, 9, 'QRS3T45', 'MOTTU_SPORT', 'Gasolina');

INSERT INTO LOCALIZACAO (PONTOX, PONTOY, DATA_HORA, FK_MOTO, FONTE) VALUES (-46.633309, -23.550520, '2025-05-19 09:00:00', 1, 'GPS');
INSERT INTO LOCALIZACAO (PONTOX, PONTOY, DATA_HORA, FK_MOTO, FONTE) VALUES (-46.640000, -23.560000, '2025-05-19 09:05:00', 1, 'GPS');
INSERT INTO LOCALIZACAO (PONTOX, PONTOY, DATA_HORA, FK_MOTO, FONTE) VALUES (-43.172897, -22.906847, '2025-05-19 09:10:00', 3, 'Visao_Computacional');
INSERT INTO LOCALIZACAO (PONTOX, PONTOY, DATA_HORA, FK_MOTO, FONTE) VALUES (-43.180000, -22.910000, '2025-05-19 09:15:00', 3, 'Sensor');
INSERT INTO LOCALIZACAO (PONTOX, PONTOY, DATA_HORA, FK_MOTO, FONTE) VALUES (-47.882432, -15.794229, '2025-05-19 09:20:00', 5, 'GPS');
INSERT INTO LOCALIZACAO (PONTOX, PONTOY, DATA_HORA, FK_MOTO, FONTE) VALUES (-47.890000, -15.800000, '2025-05-19 09:25:00', 5, 'Visao_Computacional');
INSERT INTO LOCALIZACAO (PONTOX, PONTOY, DATA_HORA, FK_MOTO, FONTE) VALUES (-51.220000, -30.030000, '2025-05-19 09:30:00', 4, 'Sensor');
INSERT INTO LOCALIZACAO (PONTOX, PONTOY, DATA_HORA, FK_MOTO, FONTE) VALUES (-51.230000, -30.040000, '2025-05-19 09:35:00', 4, 'GPS');
INSERT INTO LOCALIZACAO (PONTOX, PONTOY, DATA_HORA, FK_MOTO, FONTE) VALUES (-38.520000, -3.730000, '2025-05-19 09:40:00', 8, 'Visao_Computacional');
INSERT INTO LOCALIZACAO (PONTOX, PONTOY, DATA_HORA, FK_MOTO, FONTE) VALUES (-38.530000, -3.740000, '2025-05-19 09:45:00', 8, 'Sensor');


